"COUNTRY","Country","DAGEGR","Age groups","DSEX","Gender","DSTATUS","Status of population","YEAR","Year","Value","Flag Codes","Flags"
"AUS","Australia","900000","All ages","1","Males","90","All population","2002","2002",9753133,,
"AUS","Australia","900000","All ages","1","Males","90","All population","2003","2003",9873447,,
"AUS","Australia","900000","All ages","1","Males","90","All population","2004","2004",9990513,,
"AUS","Australia","900000","All ages","1","Males","90","All population","2005","2005",10121438,,
"AUS","Australia","900000","All ages","1","Males","90","All population","2006","2006",10257418,,
"AUS","Australia","900000","All ages","1","Males","90","All population","2007","2007",10444622,,
"AUS","Australia","900000","All ages","1","Males","90","All population","2008","2008",10660917,,
"AUS","Australia","900000","All ages","1","Males","90","All population","2009","2009",10888385,,
"AUS","Australia","900000","All ages","1","Males","90","All population","2010","2010",11124254,,
"AUS","Australia","900000","All ages","1","Males","90","All population","2011","2011",11260747,,
"AUS","Australia","900000","All ages","1","Males","90","All population","2012","2012",11280804,,
"AUS","Australia","900000","All ages","2","Females","90","All population","2002","2002",9887846,,
"AUS","Australia","900000","All ages","2","Females","90","All population","2003","2003",9999199,,
"AUS","Australia","900000","All ages","2","Females","90","All population","2004","2004",10100991,,
"AUS","Australia","900000","All ages","2","Females","90","All population","2005","2005",10218321,,
"AUS","Australia","900000","All ages","2","Females","90","All population","2006","2006",10348070,,
"AUS","Australia","900000","All ages","2","Females","90","All population","2007","2007",10570420,,
"AUS","Australia","900000","All ages","2","Females","90","All population","2008","2008",10770864,,
"AUS","Australia","900000","All ages","2","Females","90","All population","2009","2009",10986535,,
"AUS","Australia","900000","All ages","2","Females","90","All population","2010","2010",11218144,,
"AUS","Australia","900000","All ages","2","Females","90","All population","2011","2011",11359807,,
"AUS","Australia","900000","All ages","2","Females","90","All population","2012","2012",11402769,,
"AUT","Austria","900000","All ages","1","Males","90","All population","2002","2002",3959567,,
"AUT","Austria","900000","All ages","1","Males","90","All population","2003","2003",3909120,,
"AUT","Austria","900000","All ages","1","Males","90","All population","2004","2004",3949825,,
"AUT","Austria","900000","All ages","1","Males","90","All population","2005","2005",3986296,,
"AUT","Austria","900000","All ages","1","Males","90","All population","2006","2006",4019354,,
"AUT","Austria","900000","All ages","1","Males","90","All population","2007","2007",4037171,,
"AUT","Austria","900000","All ages","1","Males","90","All population","2008","2008",4054214,,
"AUT","Austria","900000","All ages","1","Males","90","All population","2009","2009",4068047,,
"AUT","Austria","900000","All ages","1","Males","90","All population","2010","2010",4079093,,
"AUT","Austria","900000","All ages","1","Males","90","All population","2011","2011",4095337,,
"AUT","Austria","900000","All ages","1","Males","90","All population","2012","2012",4118035,,
"AUT","Austria","900000","All ages","2","Females","90","All population","2002","2002",4179743,,
"AUT","Austria","900000","All ages","2","Females","90","All population","2003","2003",4158169,,
"AUT","Austria","900000","All ages","2","Females","90","All population","2004","2004",4190297,,
"AUT","Austria","900000","All ages","2","Females","90","All population","2005","2005",4220228,,
"AUT","Austria","900000","All ages","2","Females","90","All population","2006","2006",4246571,,
"AUT","Austria","900000","All ages","2","Females","90","All population","2007","2007",4261752,,
"AUT","Austria","900000","All ages","2","Females","90","All population","2008","2008",4277716,,
"AUT","Austria","900000","All ages","2","Females","90","All population","2009","2009",4287213,,
"AUT","Austria","900000","All ages","2","Females","90","All population","2010","2010",4296197,,
"AUT","Austria","900000","All ages","2","Females","90","All population","2011","2011",4308915,,
"AUT","Austria","900000","All ages","2","Females","90","All population","2012","2012",4324983,,
"BEL","Belgium","900000","All ages","1","Males","90","All population","2002","2002",5042288,,
"BEL","Belgium","900000","All ages","1","Males","90","All population","2003","2003",5066885,,
"BEL","Belgium","900000","All ages","1","Males","90","All population","2004","2004",5087176,,
"BEL","Belgium","900000","All ages","1","Males","90","All population","2005","2005",5111325,,
"BEL","Belgium","900000","All ages","1","Males","90","All population","2006","2006",5143821,,
"BEL","Belgium","900000","All ages","1","Males","90","All population","2007","2007",5181408,,
"BEL","Belgium","900000","All ages","1","Males","90","All population","2008","2008",5224309,,
"BEL","Belgium","900000","All ages","1","Males","90","All population","2009","2009",5268651,,
"BEL","Belgium","900000","All ages","1","Males","90","All population","2010","2010",5312221,,
"BEL","Belgium","900000","All ages","1","Males","90","All population","2011","2011",5370234,,
"BEL","Belgium","900000","All ages","1","Males","90","All population","2012","2012",5413801,,
"BEL","Belgium","900000","All ages","2","Females","90","All population","2002","2002",5267437,,
"BEL","Belgium","900000","All ages","2","Females","90","All population","2003","2003",5288959,,
"BEL","Belgium","900000","All ages","2","Females","90","All population","2004","2004",5309245,,
"BEL","Belgium","900000","All ages","2","Females","90","All population","2005","2005",5334527,,
"BEL","Belgium","900000","All ages","2","Females","90","All population","2006","2006",5367561,,
"BEL","Belgium","900000","All ages","2","Females","90","All population","2007","2007",5403126,,
"BEL","Belgium","900000","All ages","2","Females","90","All population","2008","2008",5442557,,
"BEL","Belgium","900000","All ages","2","Females","90","All population","2009","2009",5484429,,
"BEL","Belgium","900000","All ages","2","Females","90","All population","2010","2010",5527684,,
"BEL","Belgium","900000","All ages","2","Females","90","All population","2011","2011",4996609,,
"BEL","Belgium","900000","All ages","2","Females","90","All population","2012","2012",5622157,,
"CAN","Canada","900000","All ages","1","Males","90","All population","2003","2003",15532438,,
"CAN","Canada","900000","All ages","1","Males","90","All population","2004","2004",15538572,,
"CAN","Canada","900000","All ages","1","Males","90","All population","2005","2005",15842787,,
"CAN","Canada","900000","All ages","1","Males","90","All population","2006","2006",15995582,,
"CAN","Canada","900000","All ages","1","Males","90","All population","2007","2007",16170723,,
"CAN","Canada","900000","All ages","1","Males","90","All population","2008","2008",16326141,,
"CAN","Canada","900000","All ages","1","Males","90","All population","2009","2009",16524504,,
"CAN","Canada","900000","All ages","1","Males","90","All population","2010","2010",16526676,,
"CAN","Canada","900000","All ages","1","Males","90","All population","2011","2011",16826122.5,,
"CAN","Canada","900000","All ages","1","Males","90","All population","2012","2012",17113541,,
"CAN","Canada","900000","All ages","2","Females","90","All population","2003","2003",15829173,,
"CAN","Canada","900000","All ages","2","Females","90","All population","2004","2004",15834015,,
"CAN","Canada","900000","All ages","2","Females","90","All population","2005","2005",16146667,,
"CAN","Canada","900000","All ages","2","Females","90","All population","2006","2006",16303914,,
"CAN","Canada","900000","All ages","2","Females","90","All population","2007","2007",16478759,,
"CAN","Canada","900000","All ages","2","Females","90","All population","2008","2008",16601231,,
"CAN","Canada","900000","All ages","2","Females","90","All population","2009","2009",16802833,,
"CAN","Canada","900000","All ages","2","Females","90","All population","2010","2010",16807738.5,,
"CAN","Canada","900000","All ages","2","Females","90","All population","2011","2011",17101813,,
"CAN","Canada","900000","All ages","2","Females","90","All population","2012","2012",17379104.5,,
"CZE","Czech Republic","900000","All ages","1","Males","90","All population","2002","2002",5005508,,
"CZE","Czech Republic","900000","All ages","1","Males","90","All population","2003","2003",4966706,,
"CZE","Czech Republic","900000","All ages","1","Males","90","All population","2004","2004",4974740,,
"CZE","Czech Republic","900000","All ages","1","Males","90","All population","2005","2005",4980913,,
"CZE","Czech Republic","900000","All ages","1","Males","90","All population","2006","2006",5002648,,
"CZE","Czech Republic","900000","All ages","1","Males","90","All population","2007","2007",5026184,,
"CZE","Czech Republic","900000","All ages","1","Males","90","All population","2008","2008",5082934,,
"CZE","Czech Republic","900000","All ages","1","Males","90","All population","2009","2009",5136377,,
"CZE","Czech Republic","900000","All ages","1","Males","90","All population","2010","2010",5157197,,
"CZE","Czech Republic","900000","All ages","1","Males","90","All population","2011","2011",5168799,,
"CZE","Czech Republic","900000","All ages","1","Males","90","All population","2012","2012",5158210,,
"CZE","Czech Republic","900000","All ages","2","Females","90","All population","2002","2002",5264218,,
"CZE","Czech Republic","900000","All ages","2","Females","90","All population","2003","2003",5236563,,
"CZE","Czech Republic","900000","All ages","2","Females","90","All population","2004","2004",5236715,,
"CZE","Czech Republic","900000","All ages","2","Females","90","All population","2005","2005",5239664,,
"CZE","Czech Republic","900000","All ages","2","Females","90","All population","2006","2006",5248431,,
"CZE","Czech Republic","900000","All ages","2","Females","90","All population","2007","2007",5261005,,
"CZE","Czech Republic","900000","All ages","2","Females","90","All population","2008","2008",5298196,,
"CZE","Czech Republic","900000","All ages","2","Females","90","All population","2009","2009",5331165,,
"CZE","Czech Republic","900000","All ages","2","Females","90","All population","2010","2010",5349616,,
"CZE","Czech Republic","900000","All ages","2","Females","90","All population","2011","2011",5363971,,
"CZE","Czech Republic","900000","All ages","2","Females","90","All population","2012","2012",5347235,,
"DNK","Denmark","900000","All ages","1","Males","90","All population","2002","2002",2654146,,
"DNK","Denmark","900000","All ages","1","Males","90","All population","2003","2003",2662423,,
"DNK","Denmark","900000","All ages","1","Males","90","All population","2004","2004",2670135,,
"DNK","Denmark","900000","All ages","1","Males","90","All population","2005","2005",2677292,,
"DNK","Denmark","900000","All ages","1","Males","90","All population","2006","2006",2685846,,
"DNK","Denmark","900000","All ages","1","Males","90","All population","2007","2007",2696662,,
"DNK","Denmark","900000","All ages","1","Males","90","All population","2008","2008",2712666,,
"DNK","Denmark","900000","All ages","1","Males","90","All population","2009","2009",2732020,,
"DNK","Denmark","900000","All ages","1","Males","90","All population","2010","2010",2743286,,
"DNK","Denmark","900000","All ages","1","Males","90","All population","2011","2011",2756582,,
"DNK","Denmark","900000","All ages","1","Males","90","All population","2012","2012",2766776,,
"DNK","Denmark","900000","All ages","2","Females","90","All population","2002","2002",2714208,,
"DNK","Denmark","900000","All ages","2","Females","90","All population","2003","2003",2721084,,
"DNK","Denmark","900000","All ages","2","Females","90","All population","2004","2004",2727505,,
"DNK","Denmark","900000","All ages","2","Females","90","All population","2005","2005",2734113,,
"DNK","Denmark","900000","All ages","2","Females","90","All population","2006","2006",2741613,,
"DNK","Denmark","900000","All ages","2","Females","90","All population","2007","2007",2750422,,
"DNK","Denmark","900000","All ages","2","Females","90","All population","2008","2008",2763125,,
"DNK","Denmark","900000","All ages","2","Females","90","All population","2009","2009",2779431,,
"DNK","Denmark","900000","All ages","2","Females","90","All population","2010","2010",2791452,,
"DNK","Denmark","900000","All ages","2","Females","90","All population","2011","2011",2804046,,
"DNK","Denmark","900000","All ages","2","Females","90","All population","2012","2012",2813740,,
"FIN","Finland","900000","All ages","1","Males","90","All population","2002","2002",2537597,,
"FIN","Finland","900000","All ages","1","Males","90","All population","2003","2003",2544916,,
"FIN","Finland","900000","All ages","1","Males","90","All population","2004","2004",2552893,,
"FIN","Finland","900000","All ages","1","Males","90","All population","2005","2005",2562077,,
"FIN","Finland","900000","All ages","1","Males","90","All population","2006","2006",2572350,,
"FIN","Finland","900000","All ages","1","Males","90","All population","2007","2007",2583742,,
"FIN","Finland","900000","All ages","1","Males","90","All population","2008","2008",2596787,,
"FIN","Finland","900000","All ages","1","Males","90","All population","2009","2009",2611653,,
"FIN","Finland","900000","All ages","1","Males","90","All population","2010","2010",2625067,,
"FIN","Finland","900000","All ages","1","Males","90","All population","2011","2011",2638416,,
"FIN","Finland","900000","All ages","1","Males","90","All population","2012","2012",2652534,,
"FIN","Finland","900000","All ages","2","Females","90","All population","2002","2002",2657304,,
"FIN","Finland","900000","All ages","2","Females","90","All population","2003","2003",2661379,,
"FIN","Finland","900000","All ages","2","Females","90","All population","2004","2004",2666839,,
"FIN","Finland","900000","All ages","2","Females","90","All population","2005","2005",2674534,,
"FIN","Finland","900000","All ages","2","Females","90","All population","2006","2006",2683230,,
"FIN","Finland","900000","All ages","2","Females","90","All population","2007","2007",2693213,,
"FIN","Finland","900000","All ages","2","Females","90","All population","2008","2008",2703697,,
"FIN","Finland","900000","All ages","2","Females","90","All population","2009","2009",2714661,,
"FIN","Finland","900000","All ages","2","Females","90","All population","2010","2010",2726360,,
"FIN","Finland","900000","All ages","2","Females","90","All population","2011","2011",2736860,,
"FIN","Finland","900000","All ages","2","Females","90","All population","2012","2012",2748733,,
"FRA","France","900000","All ages","1","Males","90","All population","2002","2002",28827658,,
"FRA","France","900000","All ages","1","Males","90","All population","2003","2003",28974588,,
"FRA","France","900000","All ages","1","Males","90","All population","2004","2004",29111526,,
"FRA","France","900000","All ages","1","Males","90","All population","2005","2005",30371081,,
"FRA","France","900000","All ages","1","Males","90","All population","2006","2006",30608686,,
"FRA","France","900000","All ages","1","Males","90","All population","2007","2007",30804161,,
"FRA","France","900000","All ages","1","Males","90","All population","2008","2008",30982280,,
"FRA","France","900000","All ages","1","Males","90","All population","2009","2009",31158647,,
"FRA","France","900000","All ages","1","Males","90","All population","2010","2010",31331380,,
"FRA","France","900000","All ages","1","Males","90","All population","2011","2011",31531113,,
"FRA","France","900000","All ages","1","Males","90","All population","2012","2012",31670391,,
"FRA","France","900000","All ages","2","Females","90","All population","2002","2002",30510073,,
"FRA","France","900000","All ages","2","Females","90","All population","2003","2003",30655533,,
"FRA","France","900000","All ages","2","Females","90","All population","2004","2004",30789154,,
"FRA","France","900000","All ages","2","Females","90","All population","2005","2005",32147490,,
"FRA","France","900000","All ages","2","Females","90","All population","2006","2006",32390087,,
"FRA","France","900000","All ages","2","Females","90","All population","2007","2007",32587979,,
"FRA","France","900000","All ages","2","Females","90","All population","2008","2008",32770860,,
"FRA","France","900000","All ages","2","Females","90","All population","2009","2009",33208315,,
"FRA","France","900000","All ages","2","Females","90","All population","2010","2010",33384930,,
"FRA","France","900000","All ages","2","Females","90","All population","2011","2011",33598633,,
"FRA","France","900000","All ages","2","Females","90","All population","2012","2012",33723892,,
"DEU","Germany","900000","All ages","1","Males","90","All population","2002","2002",40274676,,
"DEU","Germany","900000","All ages","1","Males","90","All population","2003","2003",40344879,,
"DEU","Germany","900000","All ages","1","Males","90","All population","2004","2004",40356014,,
"DEU","Germany","900000","All ages","1","Males","90","All population","2005","2005",40353627,,
"DEU","Germany","900000","All ages","1","Males","90","All population","2006","2006",40339961,,
"DEU","Germany","900000","All ages","1","Males","90","All population","2007","2007",40301166,,
"DEU","Germany","900000","All ages","1","Males","90","All population","2008","2008",40274292,,
"DEU","Germany","900000","All ages","1","Males","90","All population","2009","2009",40184283,,
"DEU","Germany","900000","All ages","1","Males","90","All population","2010","2010",40103606,,
"DEU","Germany","900000","All ages","1","Males","90","All population","2011","2011",40112425,,
"DEU","Germany","900000","All ages","1","Males","90","All population","2012","2012",40206663,,
"DEU","Germany","900000","All ages","2","Females","90","All population","2002","2002",42165633,,
"DEU","Germany","900000","All ages","2","Females","90","All population","2003","2003",42191801,,
"DEU","Germany","900000","All ages","2","Females","90","All population","2004","2004",42175657,,
"DEU","Germany","900000","All ages","2","Females","90","All population","2005","2005",42147222,,
"DEU","Germany","900000","All ages","2","Females","90","All population","2006","2006",42098034,,
"DEU","Germany","900000","All ages","2","Females","90","All population","2007","2007",42013740,,
"DEU","Germany","900000","All ages","2","Females","90","All population","2008","2008",41943545,,
"DEU","Germany","900000","All ages","2","Females","90","All population","2009","2009",41818073,,
"DEU","Germany","900000","All ages","2","Females","90","All population","2010","2010",41698651,,
"DEU","Germany","900000","All ages","2","Females","90","All population","2011","2011",41639177,,
"DEU","Germany","900000","All ages","2","Females","90","All population","2012","2012",41637080,,
"GRC","Greece","900000","All ages","1","Males","90","All population","2002","2002",5440113,,
"GRC","Greece","900000","All ages","1","Males","90","All population","2003","2003",5448582,,
"GRC","Greece","900000","All ages","1","Males","90","All population","2004","2004",5464401,,
"GRC","Greece","900000","All ages","1","Males","90","All population","2005","2005",5486632,,
"GRC","Greece","900000","All ages","1","Males","90","All population","2006","2006",5508165,,
"GRC","Greece","900000","All ages","1","Males","90","All population","2007","2007",5532047,,
"GRC","Greece","900000","All ages","1","Males","90","All population","2008","2008",5553895,,
"GRC","Greece","900000","All ages","1","Males","90","All population","2009","2009",5576740,,
"GRC","Greece","900000","All ages","1","Males","90","All population","2010","2010",5597465,,
"GRC","Greece","900000","All ages","1","Males","90","All population","2011","2011",5600067,,
"GRC","Greece","900000","All ages","1","Males","90","All population","2012","2012",5590131,,
"GRC","Greece","900000","All ages","2","Females","90","All population","2002","2002",5547887,,
"GRC","Greece","900000","All ages","2","Females","90","All population","2003","2003",5557795,,
"GRC","Greece","900000","All ages","2","Females","90","All population","2004","2004",5576249,,
"GRC","Greece","900000","All ages","2","Females","90","All population","2005","2005",5596119,,
"GRC","Greece","900000","All ages","2","Females","90","All population","2006","2006",5617014,,
"GRC","Greece","900000","All ages","2","Females","90","All population","2007","2007",5639693,,
"GRC","Greece","900000","All ages","2","Females","90","All population","2008","2008",5659890,,
"GRC","Greece","900000","All ages","2","Females","90","All population","2009","2009",5683662,,
"GRC","Greece","900000","All ages","2","Females","90","All population","2010","2010",5707653,,
"GRC","Greece","900000","All ages","2","Females","90","All population","2011","2011",5709818,,
"GRC","Greece","900000","All ages","2","Females","90","All population","2012","2012",5699936,,
"HUN","Hungary","900000","All ages","1","Males","90","All population","2002","2002",4836980,,
"HUN","Hungary","900000","All ages","1","Males","90","All population","2003","2003",4818456,,
"HUN","Hungary","900000","All ages","1","Males","90","All population","2004","2004",4804113,,
"HUN","Hungary","900000","All ages","1","Males","90","All population","2005","2005",4793115,,
"HUN","Hungary","900000","All ages","1","Males","90","All population","2006","2006",4784579,,
"HUN","Hungary","900000","All ages","1","Males","90","All population","2007","2007",4779078,,
"HUN","Hungary","900000","All ages","1","Males","90","All population","2008","2008",4769562,,
"HUN","Hungary","900000","All ages","1","Males","90","All population","2009","2009",4763050,,
"HUN","Hungary","900000","All ages","1","Males","90","All population","2010","2010",4756900,,
"HUN","Hungary","900000","All ages","1","Males","90","All population","2011","2011",4743901,,
"HUN","Hungary","900000","All ages","1","Males","90","All population","2012","2012",4731724,,
"HUN","Hungary","900000","All ages","2","Females","90","All population","2002","2002",5337873,,
"HUN","Hungary","900000","All ages","2","Females","90","All population","2003","2003",5323906,,
"HUN","Hungary","900000","All ages","2","Females","90","All population","2004","2004",5312629,,
"HUN","Hungary","900000","All ages","2","Females","90","All population","2005","2005",5304434,,
"HUN","Hungary","900000","All ages","2","Females","90","All population","2006","2006",5292002,,
"HUN","Hungary","900000","All ages","2","Females","90","All population","2007","2007",5287080,,
"HUN","Hungary","900000","All ages","2","Females","90","All population","2008","2008",5275839,,
"HUN","Hungary","900000","All ages","2","Females","90","All population","2009","2009",5267925,,
"HUN","Hungary","900000","All ages","2","Females","90","All population","2010","2010",5257424,,
"HUN","Hungary","900000","All ages","2","Females","90","All population","2011","2011",5241821,,
"HUN","Hungary","900000","All ages","2","Females","90","All population","2012","2012",5226007,,
"ISL","Iceland","900000","All ages","1","Males","90","All population","2002","2002",143450,,
"ISL","Iceland","900000","All ages","1","Males","90","All population","2003","2003",144287,,
"ISL","Iceland","900000","All ages","1","Males","90","All population","2004","2004",145401,,
"ISL","Iceland","900000","All ages","1","Males","90","All population","2005","2005",147170,,
"ISL","Iceland","900000","All ages","1","Males","90","All population","2006","2006",151202,,
"ISL","Iceland","900000","All ages","1","Males","90","All population","2007","2007",156576,,
"ISL","Iceland","900000","All ages","1","Males","90","All population","2008","2008",160896,,
"ISL","Iceland","900000","All ages","1","Males","90","All population","2009","2009",162068,,
"ISL","Iceland","900000","All ages","1","Males","90","All population","2010","2010",159936,,
"ISL","Iceland","900000","All ages","1","Males","90","All population","2011","2011",160006,,
"ISL","Iceland","900000","All ages","1","Males","90","All population","2012","2012",160364,,
"ISL","Iceland","900000","All ages","2","Females","90","All population","2002","2002",143125,,
"ISL","Iceland","900000","All ages","2","Females","90","All population","2003","2003",144184,,
"ISL","Iceland","900000","All ages","2","Females","90","All population","2004","2004",145169,,
"ISL","Iceland","900000","All ages","2","Females","90","All population","2005","2005",146407,,
"ISL","Iceland","900000","All ages","2","Females","90","All population","2006","2006",148689,,
"ISL","Iceland","900000","All ages","2","Females","90","All population","2007","2007",151096,,
"ISL","Iceland","900000","All ages","2","Females","90","All population","2008","2008",154563,,
"ISL","Iceland","900000","All ages","2","Females","90","All population","2009","2009",157300,,
"ISL","Iceland","900000","All ages","2","Females","90","All population","2010","2010",157694,,
"ISL","Iceland","900000","All ages","2","Females","90","All population","2011","2011",158446,,
"ISL","Iceland","900000","All ages","2","Females","90","All population","2012","2012",159211,,
"IRL","Ireland","900000","All ages","1","Males","90","All population","2002","2002",1928276,,
"IRL","Ireland","900000","All ages","1","Males","90","All population","2003","2003",1969123,,
"IRL","Ireland","900000","All ages","1","Males","90","All population","2004","2004",2002778,,
"IRL","Ireland","900000","All ages","1","Males","90","All population","2005","2005",2047093,,
"IRL","Ireland","900000","All ages","1","Males","90","All population","2006","2006",2101876,,
"IRL","Ireland","900000","All ages","1","Males","90","All population","2007","2007",2121171,,
"IRL","Ireland","900000","All ages","1","Males","90","All population","2008","2008",2197483,,
"IRL","Ireland","900000","All ages","1","Males","90","All population","2009","2009",2214847,,
"IRL","Ireland","900000","All ages","1","Males","90","All population","2010","2010",2216444,,
"IRL","Ireland","900000","All ages","1","Males","90","All population","2011","2011",2268429,,
"IRL","Ireland","900000","All ages","1","Males","90","All population","2012","2012",2269831,,
"IRL","Ireland","900000","All ages","2","Females","90","All population","2002","2002",1954407,,
"IRL","Ireland","900000","All ages","2","Females","90","All population","2003","2003",1994513,,
"IRL","Ireland","900000","All ages","2","Females","90","All population","2004","2004",2024954,,
"IRL","Ireland","900000","All ages","2","Females","90","All population","2005","2005",2062080,,
"IRL","Ireland","900000","All ages","2","Females","90","All population","2006","2006",2107143,,
"IRL","Ireland","900000","All ages","2","Females","90","All population","2007","2007",2118677,,
"IRL","Ireland","900000","All ages","2","Females","90","All population","2008","2008",2203852,,
"IRL","Ireland","900000","All ages","2","Females","90","All population","2009","2009",2235183,,
"IRL","Ireland","900000","All ages","2","Females","90","All population","2010","2010",2251410,,
"IRL","Ireland","900000","All ages","2","Females","90","All population","2011","2011",2301435,,
"IRL","Ireland","900000","All ages","2","Females","90","All population","2012","2012",2312938,,
"ITA","Italy","900000","All ages","1","Males","90","All population","2002","2002",27587242,,
"ITA","Italy","900000","All ages","1","Males","90","All population","2003","2003",27766223,,
"ITA","Italy","900000","All ages","1","Males","90","All population","2004","2004",28068608,,
"ITA","Italy","900000","All ages","1","Males","90","All population","2005","2005",28376804,,
"ITA","Italy","900000","All ages","1","Males","90","All population","2006","2006",28526888,,
"ITA","Italy","900000","All ages","1","Males","90","All population","2007","2007",28718441,,
"ITA","Italy","900000","All ages","1","Males","90","All population","2008","2008",28949747,,
"ITA","Italy","900000","All ages","1","Males","90","All population","2009","2009",29152423,,
"ITA","Italy","900000","All ages","1","Males","90","All population","2010","2010",29287403,,
"ITA","Italy","900000","All ages","1","Males","90","All population","2011","2011",29413274,,
"ITA","Italy","900000","All ages","1","Males","90","All population","2012","2012",29512404,,
"ITA","Italy","900000","All ages","2","Females","90","All population","2002","2002",29406500,,
"ITA","Italy","900000","All ages","2","Females","90","All population","2003","2003",29554847,,
"ITA","Italy","900000","All ages","2","Females","90","All population","2004","2004",29819637,,
"ITA","Italy","900000","All ages","2","Females","90","All population","2005","2005",30085571,,
"ITA","Italy","900000","All ages","2","Females","90","All population","2006","2006",30224823,,
"ITA","Italy","900000","All ages","2","Females","90","All population","2007","2007",30412846,,
"ITA","Italy","900000","All ages","2","Females","90","All population","2008","2008",30669543,,
"ITA","Italy","900000","All ages","2","Females","90","All population","2009","2009",30892645,,
"ITA","Italy","900000","All ages","2","Females","90","All population","2010","2010",31052925,,
"ITA","Italy","900000","All ages","2","Females","90","All population","2011","2011",31213168,,
"ITA","Italy","900000","All ages","2","Females","90","All population","2012","2012",31308292,,
"JPN","Japan","900000","All ages","1","Males","90","All population","2002","2002",62244000,,
"JPN","Japan","900000","All ages","1","Males","90","All population","2003","2003",62250000,,
"JPN","Japan","900000","All ages","1","Males","90","All population","2004","2004",62307000,,
"JPN","Japan","900000","All ages","1","Males","90","All population","2005","2005",62297000,,
"JPN","Japan","900000","All ages","1","Males","90","All population","2006","2006",62348977,,
"JPN","Japan","900000","All ages","1","Males","90","All population","2007","2007",62330000,,
"JPN","Japan","900000","All ages","1","Males","90","All population","2008","2008",62310000,,
"JPN","Japan","900000","All ages","1","Males","90","All population","2009","2009",62251000,,
"JPN","Japan","900000","All ages","1","Males","90","All population","2010","2010",62130000,,
"JPN","Japan","900000","All ages","1","Males","90","All population","2011","2011",62327000,,
"JPN","Japan","900000","All ages","1","Males","90","All population","2012","2012",62184000,,
"JPN","Japan","900000","All ages","2","Females","90","All population","2002","2002",65047000,,
"JPN","Japan","900000","All ages","2","Females","90","All population","2003","2003",65185000,,
"JPN","Japan","900000","All ages","2","Females","90","All population","2004","2004",65313000,,
"JPN","Japan","900000","All ages","2","Females","90","All population","2005","2005",65390000,,
"JPN","Japan","900000","All ages","2","Females","90","All population","2006","2006",65419017,,
"JPN","Japan","900000","All ages","2","Females","90","All population","2007","2007",65440000,,
"JPN","Japan","900000","All ages","2","Females","90","All population","2008","2008",65461000,,
"JPN","Japan","900000","All ages","2","Females","90","All population","2009","2009",65441000,,
"JPN","Japan","900000","All ages","2","Females","90","All population","2010","2010",65380000,,
"JPN","Japan","900000","All ages","2","Females","90","All population","2011","2011",65730000,,
"JPN","Japan","900000","All ages","2","Females","90","All population","2012","2012",65615000,,
"KOR","Korea","900000","All ages","1","Males","90","All population","2002","2002",23983838,,
"KOR","Korea","900000","All ages","1","Males","90","All population","2003","2003",24126185,,
"KOR","Korea","900000","All ages","1","Males","90","All population","2004","2004",24228209.01,,
"KOR","Korea","900000","All ages","1","Males","90","All population","2005","2005",24190906,,
"KOR","Korea","900000","All ages","1","Males","90","All population","2006","2006",24267609,,
"KOR","Korea","900000","All ages","1","Males","90","All population","2007","2007",24344276,,
"KOR","Korea","900000","All ages","1","Males","90","All population","2008","2008",24415883,,
"KOR","Korea","900000","All ages","1","Males","90","All population","2009","2009",24481480,,
"KOR","Korea","900000","All ages","1","Males","90","All population","2010","2010",24540316,,
"KOR","Korea","900000","All ages","1","Males","90","All population","2011","2011",24942339,,
"KOR","Korea","900000","All ages","1","Males","90","All population","2012","2012",25039557,,
"KOR","Korea","900000","All ages","2","Females","90","All population","2002","2002",23655780,,
"KOR","Korea","900000","All ages","2","Females","90","All population","2003","2003",23799133,,
"KOR","Korea","900000","All ages","2","Females","90","All population","2004","2004",23853954,,
"KOR","Korea","900000","All ages","2","Females","90","All population","2005","2005",23947171,,
"KOR","Korea","900000","All ages","2","Females","90","All population","2006","2006",24029575,,
"KOR","Korea","900000","All ages","2","Females","90","All population","2007","2007",24112093,,
"KOR","Korea","900000","All ages","2","Females","90","All population","2008","2008",24190904,,
"KOR","Korea","900000","All ages","2","Females","90","All population","2009","2009",24265213,,
"KOR","Korea","900000","All ages","2","Females","90","All population","2010","2010",24334223,,
"KOR","Korea","900000","All ages","2","Females","90","All population","2011","2011",24837101,,
"KOR","Korea","900000","All ages","2","Females","90","All population","2012","2012",24964884,,
"LUX","Luxembourg","900000","All ages","1","Males","90","All population","2002","2002",218820,,
"LUX","Luxembourg","900000","All ages","1","Males","90","All population","2003","2003",221009,,
"LUX","Luxembourg","900000","All ages","1","Males","90","All population","2004","2004",223020,,
"LUX","Luxembourg","900000","All ages","1","Males","90","All population","2005","2005",224740,,
"LUX","Luxembourg","900000","All ages","1","Males","90","All population","2006","2006",232100,,
"LUX","Luxembourg","900000","All ages","1","Males","90","All population","2007","2007",235792,,
"LUX","Luxembourg","900000","All ages","1","Males","90","All population","2008","2008",239607,,
"LUX","Luxembourg","900000","All ages","1","Males","90","All population","2009","2009",244835,,
"LUX","Luxembourg","900000","All ages","1","Males","90","All population","2010","2010",249406,,
"LUX","Luxembourg","900000","All ages","1","Males","90","All population","2011","2011",254619,,
"LUX","Luxembourg","900000","All ages","1","Males","90","All population","2012","2012",261820,,
"LUX","Luxembourg","900000","All ages","2","Females","90","All population","2002","2002",225230,,
"LUX","Luxembourg","900000","All ages","2","Females","90","All population","2003","2003",227291,,
"LUX","Luxembourg","900000","All ages","2","Females","90","All population","2004","2004",228580,,
"LUX","Luxembourg","900000","All ages","2","Females","90","All population","2005","2005",230260,,
"LUX","Luxembourg","900000","All ages","2","Females","90","All population","2006","2006",236986,,
"LUX","Luxembourg","900000","All ages","2","Females","90","All population","2007","2007",240395,,
"LUX","Luxembourg","900000","All ages","2","Females","90","All population","2008","2008",244192,,
"LUX","Luxembourg","900000","All ages","2","Females","90","All population","2009","2009",248665,,
"LUX","Luxembourg","900000","All ages","2","Females","90","All population","2010","2010",252660,,
"LUX","Luxembourg","900000","All ages","2","Females","90","All population","2011","2011",257221,,
"LUX","Luxembourg","900000","All ages","2","Females","90","All population","2012","2012",263033,,
"MEX","Mexico","900000","All ages","1","Males","90","All population","2002","2002",50683083,,
"MEX","Mexico","900000","All ages","1","Males","90","All population","2003","2003",51274171,,
"MEX","Mexico","900000","All ages","1","Males","90","All population","2004","2004",51844576,,
"MEX","Mexico","900000","All ages","1","Males","90","All population","2005","2005",50814582,,
"MEX","Mexico","900000","All ages","1","Males","90","All population","2006","2006",51238427,,
"MEX","Mexico","900000","All ages","1","Males","90","All population","2007","2007",51654642,,
"MEX","Mexico","900000","All ages","1","Males","90","All population","2008","2008",52066743,,
"MEX","Mexico","900000","All ages","1","Males","90","All population","2009","2009",52466262,,
"MEX","Mexico","900000","All ages","1","Males","90","All population","2010","2010",52853788,,
"MEX","Mexico","900000","All ages","1","Males","90","All population","2011","2011",53229849,,
"MEX","Mexico","900000","All ages","1","Males","90","All population","2012","2012",56519797.55,,
"MEX","Mexico","900000","All ages","2","Females","90","All population","2002","2002",51143166,,
"MEX","Mexico","900000","All ages","2","Females","90","All population","2003","2003",51765793,,
"MEX","Mexico","900000","All ages","2","Females","90","All population","2004","2004",52368927,,
"MEX","Mexico","900000","All ages","2","Females","90","All population","2005","2005",52187289,,
"MEX","Mexico","900000","All ages","2","Females","90","All population","2006","2006",52708439,,
"MEX","Mexico","900000","All ages","2","Females","90","All population","2007","2007",53219640,,
"MEX","Mexico","900000","All ages","2","Females","90","All population","2008","2008",53723982,,
"MEX","Mexico","900000","All ages","2","Females","90","All population","2009","2009",54216256,,
"MEX","Mexico","900000","All ages","2","Females","90","All population","2010","2010",54696909,,
"MEX","Mexico","900000","All ages","2","Females","90","All population","2011","2011",55166362,,
"MEX","Mexico","900000","All ages","2","Females","90","All population","2012","2012",59163070.14,,
"NLD","Netherlands","900000","All ages","1","Males","90","All population","2002","2002",7971967,,
"NLD","Netherlands","900000","All ages","1","Males","90","All population","2003","2003",8015471,,
"NLD","Netherlands","900000","All ages","1","Males","90","All population","2004","2004",8045914,,
"NLD","Netherlands","900000","All ages","1","Males","90","All population","2005","2005",8065979,,
"NLD","Netherlands","900000","All ages","1","Males","90","All population","2006","2006",8077407,,
"NLD","Netherlands","900000","All ages","1","Males","90","All population","2007","2007",8088514,,
"NLD","Netherlands","900000","All ages","1","Males","90","All population","2008","2008",8112073,,
"NLD","Netherlands","900000","All ages","1","Males","90","All population","2009","2009",8156396,,
"NLD","Netherlands","900000","All ages","1","Males","90","All population","2010","2010",8203476,,
"NLD","Netherlands","900000","All ages","1","Males","90","All population","2011","2011",8243482,,
"NLD","Netherlands","900000","All ages","1","Males","90","All population","2012","2012",8282871,,
"NLD","Netherlands","900000","All ages","2","Females","90","All population","2002","2002",8133318,,
"NLD","Netherlands","900000","All ages","2","Females","90","All population","2003","2003",8177101,,
"NLD","Netherlands","900000","All ages","2","Females","90","All population","2004","2004",8212118,,
"NLD","Netherlands","900000","All ages","2","Females","90","All population","2005","2005",8239547,,
"NLD","Netherlands","900000","All ages","2","Females","90","All population","2006","2006",8256803,,
"NLD","Netherlands","900000","All ages","2","Females","90","All population","2007","2007",8269478,,
"NLD","Netherlands","900000","All ages","2","Females","90","All population","2008","2008",8293326,,
"NLD","Netherlands","900000","All ages","2","Females","90","All population","2009","2009",8329391,,
"NLD","Netherlands","900000","All ages","2","Females","90","All population","2010","2010",8371513,,
"NLD","Netherlands","900000","All ages","2","Females","90","All population","2011","2011",8412317,,
"NLD","Netherlands","900000","All ages","2","Females","90","All population","2012","2012",8447477,,
"NZL","New Zealand","900000","All ages","1","Males","90","All population","2002","2002",1934010,,
"NZL","New Zealand","900000","All ages","1","Males","90","All population","2003","2003",1971300,,
"NZL","New Zealand","900000","All ages","1","Males","90","All population","2004","2004",1998300,,
"NZL","New Zealand","900000","All ages","1","Males","90","All population","2005","2005",2017900,,
"NZL","New Zealand","900000","All ages","1","Males","90","All population","2006","2006",2037540,,
"NZL","New Zealand","900000","All ages","1","Males","90","All population","2007","2007",2070700,,
"NZL","New Zealand","900000","All ages","1","Males","90","All population","2008","2008",2092180,,
"NZL","New Zealand","900000","All ages","1","Males","90","All population","2009","2009",2117570,,
"NZL","New Zealand","900000","All ages","1","Males","90","All population","2010","2010",2144670,,
"NZL","New Zealand","900000","All ages","1","Males","90","All population","2011","2011",2164590,,
"NZL","New Zealand","900000","All ages","1","Males","90","All population","2012","2012",2180100,,
"NZL","New Zealand","900000","All ages","2","Females","90","All population","2002","2002",2005120,,
"NZL","New Zealand","900000","All ages","2","Females","90","All population","2003","2003",2037900,,
"NZL","New Zealand","900000","All ages","2","Females","90","All population","2004","2004",2064200,,
"NZL","New Zealand","900000","All ages","2","Females","90","All population","2005","2005",2082670,,
"NZL","New Zealand","900000","All ages","2","Females","90","All population","2006","2006",2101930,,
"NZL","New Zealand","900000","All ages","2","Females","90","All population","2007","2007",2157580,,
"NZL","New Zealand","900000","All ages","2","Females","90","All population","2008","2008",2176700,,
"NZL","New Zealand","900000","All ages","2","Females","90","All population","2009","2009",2198270,,
"NZL","New Zealand","900000","All ages","2","Females","90","All population","2010","2010",2223070,,
"NZL","New Zealand","900000","All ages","2","Females","90","All population","2011","2011",2240560,,
"NZL","New Zealand","900000","All ages","2","Females","90","All population","2012","2012",2253000,,
"NOR","Norway","900000","All ages","1","Males","90","All population","2002","2002",2241934,,
"NOR","Norway","900000","All ages","1","Males","90","All population","2003","2003",2256107,,
"NOR","Norway","900000","All ages","1","Males","90","All population","2004","2004",2269049,,
"NOR","Norway","900000","All ages","1","Males","90","All population","2005","2005",2284070,,
"NOR","Norway","900000","All ages","1","Males","90","All population","2006","2006",2301981,,
"NOR","Norway","900000","All ages","1","Males","90","All population","2007","2007",2325788,,
"NOR","Norway","900000","All ages","1","Males","90","All population","2008","2008",2359690,,
"NOR","Norway","900000","All ages","1","Males","90","All population","2009","2009",2395053,,
"NOR","Norway","900000","All ages","1","Males","90","All population","2010","2010",2426752,,
"NOR","Norway","900000","All ages","1","Males","90","All population","2011","2011",2460849,,
"NOR","Norway","900000","All ages","1","Males","90","All population","2012","2012",2498871,,
"NOR","Norway","900000","All ages","2","Females","90","All population","2002","2002",2282132,,
"NOR","Norway","900000","All ages","2","Females","90","All population","2003","2003",2296145,,
"NOR","Norway","900000","All ages","2","Females","90","All population","2004","2004",2308408,,
"NOR","Norway","900000","All ages","2","Females","90","All population","2005","2005",2322293,,
"NOR","Norway","900000","All ages","2","Females","90","All population","2006","2006",2338238,,
"NOR","Norway","900000","All ages","2","Females","90","All population","2007","2007",2355346,,
"NOR","Norway","900000","All ages","2","Females","90","All population","2008","2008",2377481,,
"NOR","Norway","900000","All ages","2","Females","90","All population","2009","2009",2404199,,
"NOR","Norway","900000","All ages","2","Females","90","All population","2010","2010",2431447,,
"NOR","Norway","900000","All ages","2","Females","90","All population","2011","2011",2459456,,
"NOR","Norway","900000","All ages","2","Females","90","All population","2012","2012",2486999,,
"POL","Poland","900000","All ages","1","Males","90","All population","2002","2002",18760788,,
"POL","Poland","900000","All ages","1","Males","90","All population","2003","2003",18506749,,
"POL","Poland","900000","All ages","1","Males","90","All population","2004","2004",18486430,,
"POL","Poland","900000","All ages","1","Males","90","All population","2005","2005",18470253,,
"POL","Poland","900000","All ages","1","Males","90","All population","2006","2006",18453855,,
"POL","Poland","900000","All ages","1","Males","90","All population","2007","2007",18426775,,
"POL","Poland","900000","All ages","1","Males","90","All population","2008","2008",18411501,,
"POL","Poland","900000","All ages","1","Males","90","All population","2009","2009",18414926,,
"POL","Poland","900000","All ages","1","Males","90","All population","2010","2010",18428742,,
"POL","Poland","900000","All ages","1","Males","90","All population","2011","2011",18444373,,
"POL","Poland","900000","All ages","1","Males","90","All population","2012","2012",18654577,,
"POL","Poland","900000","All ages","2","Females","90","All population","2002","2002",19871665,,
"POL","Poland","900000","All ages","2","Females","90","All population","2003","2003",19711782,,
"POL","Poland","900000","All ages","2","Females","90","All population","2004","2004",19704178,,
"POL","Poland","900000","All ages","2","Females","90","All population","2005","2005",19703582,,
"POL","Poland","900000","All ages","2","Females","90","All population","2006","2006",19703200,,
"POL","Poland","900000","All ages","2","Females","90","All population","2007","2007",19698704,,
"POL","Poland","900000","All ages","2","Females","90","All population","2008","2008",19704140,,
"POL","Poland","900000","All ages","2","Females","90","All population","2009","2009",19720950,,
"POL","Poland","900000","All ages","2","Females","90","All population","2010","2010",19738587,,
"POL","Poland","900000","All ages","2","Females","90","All population","2011","2011",19755664,,
"POL","Poland","900000","All ages","2","Females","90","All population","2012","2012",19883870,,
"PRT","Portugal","900000","All ages","1","Males","90","All population","2002","2002",4991590,,
"PRT","Portugal","900000","All ages","1","Males","90","All population","2003","2003",5030247,,
"PRT","Portugal","900000","All ages","1","Males","90","All population","2004","2004",5066308,,
"PRT","Portugal","900000","All ages","1","Males","90","All population","2005","2005",5094339,,
"PRT","Portugal","900000","All ages","1","Males","90","All population","2006","2006",5115742,,
"PRT","Portugal","900000","All ages","1","Males","90","All population","2007","2007",5129937,,
"PRT","Portugal","900000","All ages","1","Males","90","All population","2008","2008",5138807,,
"PRT","Portugal","900000","All ages","1","Males","90","All population","2009","2009",5142566,,
"PRT","Portugal","900000","All ages","1","Males","90","All population","2010","2010",5148203,,
"PRT","Portugal","900000","All ages","1","Males","90","All population","2011","2011",5146643,,
"PRT","Portugal","900000","All ages","1","Males","90","All population","2012","2012",5030437,,
"PRT","Portugal","900000","All ages","2","Females","90","All population","2002","2002",5343969,,
"PRT","Portugal","900000","All ages","2","Females","90","All population","2003","2003",5377218,,
"PRT","Portugal","900000","All ages","2","Females","90","All population","2004","2004",5408377,,
"PRT","Portugal","900000","All ages","2","Females","90","All population","2005","2005",5434916,,
"PRT","Portugal","900000","All ages","2","Females","90","All population","2006","2006",5453850,,
"PRT","Portugal","900000","All ages","2","Females","90","All population","2007","2007",5469158,,
"PRT","Portugal","900000","All ages","2","Females","90","All population","2008","2008",5478768,,
"PRT","Portugal","900000","All ages","2","Females","90","All population","2009","2009",5484684,,
"PRT","Portugal","900000","All ages","2","Females","90","All population","2010","2010",5489510,,
"PRT","Portugal","900000","All ages","2","Females","90","All population","2011","2011",5490336,,
"PRT","Portugal","900000","All ages","2","Females","90","All population","2012","2012",5511961,,
"SVK","Slovak Republic","900000","All ages","1","Males","90","All population","2002","2002",2611921,,
"SVK","Slovak Republic","900000","All ages","1","Males","90","All population","2003","2003",2611306,,
"SVK","Slovak Republic","900000","All ages","1","Males","90","All population","2004","2004",2611124,,
"SVK","Slovak Republic","900000","All ages","1","Males","90","All population","2005","2005",2613490,,
"SVK","Slovak Republic","900000","All ages","1","Males","90","All population","2006","2006",2615872,,
"SVK","Slovak Republic","900000","All ages","1","Males","90","All population","2007","2007",2618284,,
"SVK","Slovak Republic","900000","All ages","1","Males","90","All population","2008","2008",2623127,,
"SVK","Slovak Republic","900000","All ages","1","Males","90","All population","2009","2009",2629804,,
"SVK","Slovak Republic","900000","All ages","1","Males","90","All population","2010","2010",2636938,,
"SVK","Slovak Republic","900000","All ages","1","Males","90","All population","2011","2011",2642240,,
"SVK","Slovak Republic","900000","All ages","1","Males","90","All population","2012","2012",2631752,,
"SVK","Slovak Republic","900000","All ages","2","Females","90","All population","2002","2002",2767030,,
"SVK","Slovak Republic","900000","All ages","2","Females","90","All population","2003","2003",2767855,,
"SVK","Slovak Republic","900000","All ages","2","Females","90","All population","2004","2004",2768929,,
"SVK","Slovak Republic","900000","All ages","2","Females","90","All population","2005","2005",2771332,,
"SVK","Slovak Republic","900000","All ages","2","Females","90","All population","2006","2006",2773308,,
"SVK","Slovak Republic","900000","All ages","2","Females","90","All population","2007","2007",2775353,,
"SVK","Slovak Republic","900000","All ages","2","Females","90","All population","2008","2008",2777871,,
"SVK","Slovak Republic","900000","All ages","2","Females","90","All population","2009","2009",2782450,,
"SVK","Slovak Republic","900000","All ages","2","Females","90","All population","2010","2010",2787987,,
"SVK","Slovak Republic","900000","All ages","2","Females","90","All population","2011","2011",2793033,,
"SVK","Slovak Republic","900000","All ages","2","Females","90","All population","2012","2012",2772570,,
"ESP","Spain","900000","All ages","1","Males","90","All population","2002","2002",19779378,,
"ESP","Spain","900000","All ages","1","Males","90","All population","2003","2003",20387085,,
"ESP","Spain","900000","All ages","1","Males","90","All population","2004","2004",20801989,,
"ESP","Spain","900000","All ages","1","Males","90","All population","2005","2005",21173289,,
"ESP","Spain","900000","All ages","1","Males","90","All population","2006","2006",21561262,,
"ESP","Spain","900000","All ages","1","Males","90","All population","2007","2007",21942724,,
"ESP","Spain","900000","All ages","1","Males","90","All population","2008","2008",22356882,,
"ESP","Spain","900000","All ages","1","Males","90","All population","2009","2009",22628444,,
"ESP","Spain","900000","All ages","1","Males","90","All population","2010","2010",22672420,,
"ESP","Spain","900000","All ages","1","Males","90","All population","2011","2011",22724864,,
"ESP","Spain","900000","All ages","1","Males","90","All population","2012","2012",23099012,,
"ESP","Spain","900000","All ages","2","Females","90","All population","2002","2002",20629952,,
"ESP","Spain","900000","All ages","2","Females","90","All population","2003","2003",21163499,,
"ESP","Spain","900000","All ages","2","Females","90","All population","2004","2004",21543353,,
"ESP","Spain","900000","All ages","2","Females","90","All population","2005","2005",21864746,,
"ESP","Spain","900000","All ages","2","Females","90","All population","2006","2006",22196988,,
"ESP","Spain","900000","All ages","2","Females","90","All population","2007","2007",22531907,,
"ESP","Spain","900000","All ages","2","Females","90","All population","2008","2008",22926377,,
"ESP","Spain","900000","All ages","2","Females","90","All population","2009","2009",23199728,,
"ESP","Spain","900000","All ages","2","Females","90","All population","2010","2010",23316596,,
"ESP","Spain","900000","All ages","2","Females","90","All population","2011","2011",23428062,,
"ESP","Spain","900000","All ages","2","Females","90","All population","2012","2012",23719209,,
"SWE","Sweden","900000","All ages","1","Males","90","All population","2002","2002",4408445,,
"SWE","Sweden","900000","All ages","1","Males","90","All population","2003","2003",4427107,,
"SWE","Sweden","900000","All ages","1","Males","90","All population","2004","2004",4446656,,
"SWE","Sweden","900000","All ages","1","Males","90","All population","2005","2005",4466311,,
"SWE","Sweden","900000","All ages","1","Males","90","All population","2006","2006",4486550,,
"SWE","Sweden","900000","All ages","1","Males","90","All population","2007","2007",4523523,,
"SWE","Sweden","900000","All ages","1","Males","90","All population","2008","2008",4563921,,
"SWE","Sweden","900000","All ages","1","Males","90","All population","2009","2009",4603710,,
"SWE","Sweden","900000","All ages","1","Males","90","All population","2010","2010",4649014,,
"SWE","Sweden","900000","All ages","1","Males","90","All population","2011","2011",4690244,,
"SWE","Sweden","900000","All ages","1","Males","90","All population","2012","2012",4726834,,
"SWE","Sweden","900000","All ages","2","Females","90","All population","2002","2002",4500683,,
"SWE","Sweden","900000","All ages","2","Females","90","All population","2003","2003",4513681,,
"SWE","Sweden","900000","All ages","2","Females","90","All population","2004","2004",4529014,,
"SWE","Sweden","900000","All ages","2","Females","90","All population","2005","2005",4545081,,
"SWE","Sweden","900000","All ages","2","Females","90","All population","2006","2006",4561202,,
"SWE","Sweden","900000","All ages","2","Females","90","All population","2007","2007",4589734,,
"SWE","Sweden","900000","All ages","2","Females","90","All population","2008","2008",4619006,,
"SWE","Sweden","900000","All ages","2","Females","90","All population","2009","2009",4652637,,
"SWE","Sweden","900000","All ages","2","Females","90","All population","2010","2010",4691668,,
"SWE","Sweden","900000","All ages","2","Females","90","All population","2011","2011",4725326,,
"SWE","Sweden","900000","All ages","2","Females","90","All population","2012","2012",4756021,,
"CHE","Switzerland","900000","All ages","1","Males","90","All population","2002","2002",3549089,,
"CHE","Switzerland","900000","All ages","1","Males","90","All population","2003","2003",3575029,,
"CHE","Switzerland","900000","All ages","1","Males","90","All population","2004","2004",3601539,,
"CHE","Switzerland","900000","All ages","1","Males","90","All population","2005","2005",3628696,,
"CHE","Switzerland","900000","All ages","1","Males","90","All population","2006","2006",3652502,,
"CHE","Switzerland","900000","All ages","1","Males","90","All population","2007","2007",3679359,,
"CHE","Switzerland","900000","All ages","1","Males","90","All population","2008","2008",3727014,,
"CHE","Switzerland","900000","All ages","1","Males","90","All population","2009","2009",3786675,,
"CHE","Switzerland","900000","All ages","1","Males","90","All population","2010","2010",3830566,,
"CHE","Switzerland","900000","All ages","1","Males","90","All population","2011","2011",3877426,,
"CHE","Switzerland","900000","All ages","1","Males","90","All population","2012","2012",3922253,,
"CHE","Switzerland","900000","All ages","2","Females","90","All population","2002","2002",3712121,,
"CHE","Switzerland","900000","All ages","2","Females","90","All population","2003","2003",3738824,,
"CHE","Switzerland","900000","All ages","2","Females","90","All population","2004","2004",3762609,,
"CHE","Switzerland","900000","All ages","2","Females","90","All population","2005","2005",3786406,,
"CHE","Switzerland","900000","All ages","2","Females","90","All population","2006","2006",3806626,,
"CHE","Switzerland","900000","All ages","2","Females","90","All population","2007","2007",3829380,,
"CHE","Switzerland","900000","All ages","2","Females","90","All population","2008","2008",3866480,,
"CHE","Switzerland","900000","All ages","2","Females","90","All population","2009","2009",3915181,,
"CHE","Switzerland","900000","All ages","2","Females","90","All population","2010","2010",3955240,,
"CHE","Switzerland","900000","All ages","2","Females","90","All population","2011","2011",3992708,,
"CHE","Switzerland","900000","All ages","2","Females","90","All population","2012","2012",4032409,,
"TUR","Türkiye","900000","All ages","1","Males","90","All population","2003","2003",35418484,,
"TUR","Türkiye","900000","All ages","1","Males","90","All population","2004","2004",35666000,,
"TUR","Türkiye","900000","All ages","1","Males","90","All population","2005","2005",36123000,,
"TUR","Türkiye","900000","All ages","1","Males","90","All population","2006","2006",36574211,,
"TUR","Türkiye","900000","All ages","1","Males","90","All population","2007","2007",36574211,,
"TUR","Türkiye","900000","All ages","1","Males","90","All population","2008","2008",35376533,,
"TUR","Türkiye","900000","All ages","1","Males","90","All population","2009","2009",35901154,,
"TUR","Türkiye","900000","All ages","1","Males","90","All population","2010","2010",36462470,,
"TUR","Türkiye","900000","All ages","1","Males","90","All population","2011","2011",37043182,,
"TUR","Türkiye","900000","All ages","1","Males","90","All population","2012","2012",37532954,,
"TUR","Türkiye","900000","All ages","2","Females","90","All population","2003","2003",34753495,,
"TUR","Türkiye","900000","All ages","2","Females","90","All population","2004","2004",35023500,,
"TUR","Türkiye","900000","All ages","2","Females","90","All population","2005","2005",35484500,,
"TUR","Türkiye","900000","All ages","2","Females","90","All population","2006","2006",35945763,,
"TUR","Türkiye","900000","All ages","2","Females","90","All population","2007","2007",35945763,,
"TUR","Türkiye","900000","All ages","2","Females","90","All population","2008","2008",35209723,,
"TUR","Türkiye","900000","All ages","2","Females","90","All population","2009","2009",35615946,,
"TUR","Türkiye","900000","All ages","2","Females","90","All population","2010","2010",36098842,,
"TUR","Türkiye","900000","All ages","2","Females","90","All population","2011","2011",36679806,,
"TUR","Türkiye","900000","All ages","2","Females","90","All population","2012","2012",37191315,,
"GBR","United Kingdom","900000","All ages","1","Males","90","All population","2002","2002",28953126.36,,
"GBR","United Kingdom","900000","All ages","1","Males","90","All population","2003","2003",28930648,,
"GBR","United Kingdom","900000","All ages","1","Males","90","All population","2004","2004",29193035,,
"GBR","United Kingdom","900000","All ages","1","Males","90","All population","2005","2005",29394997,,
"GBR","United Kingdom","900000","All ages","1","Males","90","All population","2006","2006",29595506,,
"GBR","United Kingdom","900000","All ages","1","Males","90","All population","2007","2007",29805033,,
"GBR","United Kingdom","900000","All ages","1","Males","90","All population","2008","2008",30033723,,
"GBR","United Kingdom","900000","All ages","1","Males","90","All population","2009","2009",30263920,,
"GBR","United Kingdom","900000","All ages","1","Males","90","All population","2010","2010",30508636,,
"GBR","United Kingdom","900000","All ages","1","Males","90","All population","2011","2011",30772582,,
"GBR","United Kingdom","900000","All ages","1","Males","90","All population","2012","2012",31140669,,
"GBR","United Kingdom","900000","All ages","2","Females","90","All population","2002","2002",29753778.809,,
"GBR","United Kingdom","900000","All ages","2","Females","90","All population","2003","2003",30331409,,
"GBR","United Kingdom","900000","All ages","2","Females","90","All population","2004","2004",30506793,,
"GBR","United Kingdom","900000","All ages","2","Females","90","All population","2005","2005",30664861,,
"GBR","United Kingdom","900000","All ages","2","Females","90","All population","2006","2006",30817364,,
"GBR","United Kingdom","900000","All ages","2","Females","90","All population","2007","2007",30976313,,
"GBR","United Kingdom","900000","All ages","2","Females","90","All population","2008","2008",31145537,,
"GBR","United Kingdom","900000","All ages","2","Females","90","All population","2009","2009",31331174,,
"GBR","United Kingdom","900000","All ages","2","Females","90","All population","2010","2010",31518326,,
"GBR","United Kingdom","900000","All ages","2","Females","90","All population","2011","2011",31726030,,
"GBR","United Kingdom","900000","All ages","2","Females","90","All population","2012","2012",32115485,,
"USA","United States","900000","All ages","1","Males","90","All population","2002","2002",135301432,,
"USA","United States","900000","All ages","1","Males","90","All population","2003","2003",141957038,,
"USA","United States","900000","All ages","1","Males","90","All population","2004","2004",143037260,,
"USA","United States","900000","All ages","1","Males","90","All population","2005","2005",144947584,,
"USA","United States","900000","All ages","1","Males","90","All population","2006","2006",146394361,,
"USA","United States","900000","All ages","1","Males","90","All population","2007","2007",147922764,,
"USA","United States","900000","All ages","1","Males","90","All population","2008","2008",150336755,,
"USA","United States","900000","All ages","1","Males","90","All population","2009","2009",150464902,,
"USA","United States","900000","All ages","1","Males","90","All population","2010","2010",151840906,,
"USA","United States","900000","All ages","1","Males","90","All population","2011","2011",152449134,,
"USA","United States","900000","All ages","1","Males","90","All population","2012","2012",153596908,,
"USA","United States","900000","All ages","2","Females","90","All population","2002","2002",141943484,,
"USA","United States","900000","All ages","2","Females","90","All population","2003","2003",146817188,,
"USA","United States","900000","All ages","2","Females","90","All population","2004","2004",147773459,,
"USA","United States","900000","All ages","2","Females","90","All population","2005","2005",149495099,,
"USA","United States","900000","All ages","2","Females","90","All population","2006","2006",150913782,,
"USA","United States","900000","All ages","2","Females","90","All population","2007","2007",152261670,,
"USA","United States","900000","All ages","2","Females","90","All population","2008","2008",154509976,,
"USA","United States","900000","All ages","2","Females","90","All population","2009","2009",154662649,,
"USA","United States","900000","All ages","2","Females","90","All population","2010","2010",155915671,,
"USA","United States","900000","All ages","2","Females","90","All population","2011","2011",157539944,,
"USA","United States","900000","All ages","2","Females","90","All population","2012","2012",158635141,,
